{
   "entries": {
      "resourceKind": [
         {
            "resourceKindKey": "HostSystem",
            "internalId": "resourceKind:id:0_::_",
            "adapterKindKey": "VMWARE"
         },
         {
            "resourceKindKey": "Datacenter",
            "internalId": "resourceKind:id:3_::_",
            "adapterKindKey": "VMWARE"
         },
         {
            "resourceKindKey": "VMwareAdapter Instance",
            "internalId": "resourceKind:id:4_::_",
            "adapterKindKey": "VMWARE"
         },
         {
            "resourceKindKey": "VirtualMachine",
            "internalId": "resourceKind:id:1_::_",
            "adapterKindKey": "VMWARE"
         },
         {
            "resourceKindKey": "ClusterComputeResource",
            "internalId": "resourceKind:id:2_::_",
            "adapterKindKey": "VMWARE"
         }
      ],
      "resource": [{
         "resourceKindKey": "vSphere World",
         "internalId": "resource:id:0_::_",
         "adapterKindKey": "VMWARE",
         "identifiers": [],
         "name": "vSphere World"
      }]
   },
   "dashboards": [{
      "shared": false,
      "temporary": false,
      "hidden": false,
      "creationTime": 1708039915924,
      "autoswitchEnabled": false,
      "importAttempts": 0,
      "columnProportion": "1-1",
      "importComplete": true,
      "description": "",
      "widgets": [
         {
            "collapsed": false,
            "id": "77aa8e48-ae89-4899-9cd2-03956c97efbd",
            "gridsterCoords": {
               "w": 6,
               "x": 1,
               "h": 21,
               "y": 1
            },
            "type": "View",
            "title": "VMs",
            "config": {
               "refreshInterval": 300,
               "resource": {
                  "resourceId": "resource:id:0_::_",
                  "traversalSpecId": "",
                  "resourceName": "vSphere World",
                  "resourceKindId": "002006VMWAREvSphere World",
                  "id": "Ext.vcops.chrome.model.Resource-12"
               },
               "traversalSpecId": null,
               "refreshContent": {"refreshContent": true},
               "isUpdatedView": true,
               "chartViewItems": [],
               "selectFirstRow": {"selectFirstRow": true},
               "selfProvider": {"selfProvider": true},
               "title": "VMs",
               "viewDefinitionId": "da11cd7d-2ee2-411a-bdec-a5829d5ec332"
            },
            "height": 1179,
            "states": [
               {
                  "value": "b%3A0",
                  "key": "perm_isDashboardTime_widget_d02cee8f-1a0c-4d42-bbcf-296e7ca510a8_77aa8e48-ae89-4899-9cd2-03956c97efbd"
               },
               {
                  "value": "s%3A%7B%22minType%22%3A%22.TimeIntervalControl%22%2C%22advancedTimeMode%22%3Afalse%2C%22fromTime%22%3Anull%2C%22unit%22%3A%22MONTHS%22%2C%22count%22%3A3%2C%22priorUnit%22%3Anull%2C%22priorCount%22%3Anull%2C%22startSubUnit%22%3Anull%2C%22startPeriod%22%3Anull%2C%22toTime%22%3Anull%2C%22endUnit%22%3Anull%2C%22endCount%22%3Anull%2C%22endSubUnit%22%3Anull%2C%22endPeriod%22%3Anull%2C%22isRealTimeData%22%3Anull%2C%22mondayHours%22%3A%5B%5D%2C%22tuesdayHours%22%3A%5B%5D%2C%22wednesdayHours%22%3A%5B%5D%2C%22thursdayHours%22%3A%5B%5D%2C%22fridayHours%22%3A%5B%5D%2C%22saturdayHours%22%3A%5B%5D%2C%22sundayHours%22%3A%5B%5D%7D",
                  "key": "permSelectedDate_widget_d02cee8f-1a0c-4d42-bbcf-296e7ca510a8_77aa8e48-ae89-4899-9cd2-03956c97efbd"
               },
               {
                  "value": "b%3A1",
                  "key": "perm_toolbarVisible_widget_d02cee8f-1a0c-4d42-bbcf-296e7ca510a8_77aa8e48-ae89-4899-9cd2-03956c97efbd"
               }
            ]
         },
         {
            "collapsed": false,
            "id": "11c7dc05-9775-438a-9037-42761f75e316",
            "gridsterCoords": {
               "w": 3,
               "x": 7,
               "h": 16,
               "y": 16
            },
            "type": "TextDisplay",
            "title": "VM VMRCs",
            "config": {
               "locationUrl": "https://bp-webssl-1.tvs.vmware.com/vmrc.html",
               "locationFile": "",
               "refreshInterval": 300,
               "refreshContent": {"refreshContent": true},
               "title": "VM VMRCs",
               "viewModeHTML": true
            },
            "height": 894
         },
         {
            "collapsed": false,
            "id": "221f161e-0006-45e6-a43c-401c4a75171c",
            "gridsterCoords": {
               "w": 3,
               "x": 7,
               "h": 4,
               "y": 6
            },
            "type": "TextDisplay",
            "title": "WDC vCenter",
            "config": {
               "locationUrl": "https://wdc-08-vc20.oc.vmware.com/",
               "locationFile": "",
               "refreshInterval": 300,
               "refreshContent": {"refreshContent": true},
               "title": "WDC vCenter",
               "viewModeHTML": true
            },
            "height": 209
         },
         {
            "collapsed": false,
            "id": "f12fe1de-96a6-4e32-9086-5bcef18430fe",
            "gridsterCoords": {
               "w": 3,
               "x": 7,
               "h": 5,
               "y": 1
            },
            "type": "TextDisplay",
            "title": "Text Display",
            "config": {
               "locationUrl": "",
               "locationFile": "",
               "editorData": "<div><font color=\"#df6e61\">WDC vCenter: https://wdc-08-vc20.oc.vmware.com/<\/font><\/div><div><font color=\"#df6e61\"><br><\/font><\/div><div><font color=\"#df6e61\">vSAN vCenter: https://10.208.26.199/<\/font><\/div><div><font color=\"#df6e61\"><br><\/font><\/div><div><font color=\"#df6e61\">ISV vCenter: https://10.159.24.1/<\/font><\/div><div><font color=\"#df6e61\"><br><\/font><\/div><div><font color=\"#df6e61\">NSX vCenter: https://atl1-vcd-static-134-57.eng.vmware.com/<br><\/font><\/div><div><font color=\"#e6cb6d\" style=\"background-color: rgb(0, 0, 0);\"><br><\/font><div><font color=\"#e6cb6d\" style=\"background-color: rgb(0, 0, 0);\">Copy\n and paste link into new browser tab to launch vCenter or click the \nlinks below, which will launch the respective vCenters in new browser \ntabs.<\/font><font color=\"#e6cb6d\" style=\"background-color: rgb(0, 0, 0);\"><br><\/font><\/div><\/div>",
               "refreshInterval": 300,
               "refreshContent": {"refreshContent": true},
               "title": "Text Display",
               "viewModeHTML": true
            },
            "height": 267
         },
         {
            "collapsed": false,
            "id": "fdc4d5af-ff29-48ad-a42f-7a46dccaaeb0",
            "gridsterCoords": {
               "w": 3,
               "x": 7,
               "h": 4,
               "y": 10
            },
            "type": "TextDisplay",
            "title": "NSX vCenter",
            "config": {
               "locationUrl": "https://atl1-vcd-static-134-57.eng.vmware.com/",
               "locationFile": "",
               "refreshInterval": 300,
               "refreshContent": {"refreshContent": true},
               "title": "NSX vCenter",
               "viewModeHTML": true
            },
            "height": 210
         },
         {
            "collapsed": true,
            "id": "0f1b3285-5b00-411f-87e3-8a4dfee655e0",
            "gridsterCoords": {
               "w": 3,
               "x": 7,
               "h": 1,
               "y": 15
            },
            "type": "TextDisplay",
            "title": "vSAN vCenter",
            "config": {
               "locationUrl": "https://10.208.26.199/",
               "locationFile": "",
               "refreshInterval": 300,
               "refreshContent": {"refreshContent": true},
               "title": "vSAN vCenter",
               "viewModeHTML": true
            },
            "height": 210
         },
         {
            "collapsed": false,
            "id": "83e72db4-5a76-40fd-b1a0-f7443875a6ea",
            "gridsterCoords": {
               "w": 3,
               "x": 10,
               "h": 21,
               "y": 1
            },
            "type": "ResourceRelationshipAdvanced",
            "title": "Object Relationship (Advanced)",
            "config": {
               "filterMode": "tagPicker",
               "tagFilter": {
                  "path": [
                     "/source/kind/kind:resourceKind:id:0_::_",
                     "/source/kind/kind:resourceKind:id:1_::_",
                     "/source/kind/kind:resourceKind:id:2_::_",
                     "/source/kind/kind:resourceKind:id:3_::_",
                     "/source/kind/kind:resourceKind:id:4_::_"
                  ],
                  "value": {
                     "bus": [],
                     "adapterKind": [],
                     "kind": [
                        "resourceKind:id:0_::_",
                        "resourceKind:id:1_::_",
                        "resourceKind:id:2_::_",
                        "resourceKind:id:3_::_",
                        "resourceKind:id:4_::_"
                     ],
                     "exclaim": false,
                     "healthRange": [],
                     "maintenanceSchedule": [],
                     "adapterInstance": [],
                     "collector": [],
                     "tier": [],
                     "state": [],
                     "tag": [],
                     "day": [],
                     "status": []
                  }
               },
               "resourceId": null,
               "depth": "4,0",
               "refreshInterval": 300,
               "traversalSpecId": "",
               "refreshContent": {"refreshContent": false},
               "customFilter": {
                  "filter": [],
                  "excludedResources": null,
                  "includedResources": null
               },
               "resourceName": null,
               "selfProvider": {"selfProvider": false},
               "title": "Object Relationship (Advanced)"
            },
            "height": 1179,
            "states": [
               {
                  "value": "b%3A1",
                  "key": "perm_toolbarVisible_widget_d02cee8f-1a0c-4d42-bbcf-296e7ca510a8_83e72db4-5a76-40fd-b1a0-f7443875a6ea"
               },
               {
                  "value": "o%3A",
                  "key": "perm_ResourceRelationshipTree_widget_d02cee8f-1a0c-4d42-bbcf-296e7ca510a8_83e72db4-5a76-40fd-b1a0-f7443875a6ea"
               },
               {
                  "value": "s%3ArelationshipTopology",
                  "key": "perm_viewerType_widget_d02cee8f-1a0c-4d42-bbcf-296e7ca510a8_83e72db4-5a76-40fd-b1a0-f7443875a6ea"
               }
            ]
         },
         {
            "collapsed": true,
            "id": "238ce293-9045-4512-9867-799e0d92baa6",
            "gridsterCoords": {
               "w": 3,
               "x": 7,
               "h": 1,
               "y": 14
            },
            "type": "TextDisplay",
            "title": "ISV vCenter",
            "config": {
               "locationUrl": "https://10.159.24.1/",
               "locationFile": "",
               "refreshInterval": 300,
               "refreshContent": {"refreshContent": true},
               "title": "ISV vCenter",
               "viewModeHTML": true
            },
            "height": 210
         }
      ],
      "states": [],
      "homeTab": false,
      "rank": 0,
      "disabled": false,
      "id": "d02cee8f-1a0c-4d42-bbcf-296e7ca510a8",
      "locked": false,
      "dashboardNavigations": {},
      "widgetInteractions": [{
         "widgetIdProvider": "77aa8e48-ae89-4899-9cd2-03956c97efbd",
         "type": "resourceId",
         "widgetIdReceiver": "83e72db4-5a76-40fd-b1a0-f7443875a6ea"
      }],
      "namePath": "Custom Dashboards",
      "lastUpdateUserId": "287ed085-c6ca-4255-b69c-956f1665ed51",
      "columnCount": 1,
      "userId": "287ed085-c6ca-4255-b69c-956f1665ed51",
      "name": "Custom Dashboards/VMs and vCenters",
      "gridsterMaxColumns": 12,
      "lastUpdateTime": 1708177450611
   }],
   "uuid": "d64386a6-b0bd-40f8-85c1-d62b7e44b0e6"
}